"Beyoncé - Daddy Lessons" "Aug 27, 2021"
"Normani names ‘B’Day’ by Beyoncé as one of the albums that “changed her life.”" "Aug 27, 2021"
"Countdown - Beyoncé" "Aug 27, 2021"
"Remember when Beyoncé performed cat & dog at her concert?" "Aug 27, 2021"
"Africans still think Beyoncé made money off them." "Aug 27, 2021"
"beyoncé is really turning 40 years old in a week omg ??" "Aug 27, 2021"
"Beyoncé was like …   https://twitter.com/BriMalandros/status/1431297278208249860/video/1…" "Aug 27, 2021"
"Beyoncé for Essence Magazine (2005)" "Aug 27, 2021"
"Beyoncé before she starts a performance:" "Aug 27, 2021"
"SHATTAWALE KING OF MUSIC 

RONALDO KING OF FOOTBALL 

BEYONCÉ QUEEN OF MUSIC 

  " "Aug 27, 2021"
"I'm ready and am ok if they do a Beyonce" "Aug 27, 2021"
".
@Beyonce
's most streamed albums yesterday on #Spotify — Aug 26." "Aug 27, 2021"
"Lemonade by Beyoncé is such a good break up album" "Aug 27, 2021"
"Bunny, On The Run…..

 
@pastrykream
 
Fit: 
@WeAreIvyPark
 #BlackPack
#whereisyourpark #IvyPark #QueenOfIvyPark #Beyonce" "Aug 27, 2021"
"A nigga stroke game is way more important than his head. Idk why y’all get on Beyoncé’s internet lying the way y’all do " "Aug 27, 2021"
"Beyoncé could literally jus be sitting there and it's iconic like howww" "Aug 27, 2021"
"NEW TO STAN TWITTER

I like:
Ariana Grande
Nicki Minaj
Doja Cat
Beyonce
Rihanna
Dua Lipa
Olivia Rodrigo
(& More)

Retweet please (IFB!!)" "Aug 27, 2021"
"army did you know that according to rumors we might be getting the 7th beyoncé solo album and other surprises in september. " "Aug 27, 2021"
"They are looking for the ""janet moment""  for her, she has been too light skined and not problematic for so long now, it is time for her downfall. Lol, after they succeed they will say: ""what happened to Beyonce was so unfair, we failed her""" "Aug 27, 2021"
"Don't dress like the body you want, dress like the body you have. You can't dress like Beyonce if you're shaped like Rick ross." "Aug 27, 2021"
"I was just listening to Jazmin Sullivan’s Pick Up Your Feelings and I can definitely hear Beyoncé on that. We need a remix NEOW" "Aug 27, 2021"
"""they would've never gotten that Fallon spot without Beyoncé!"" baby slow down and use your brain!" "Aug 27, 2021"
"Today is not Beyoncé's birthday." "Aug 27, 2021"
"My kids will know how to say Beyoncé before they say daddy" "Aug 27, 2021"
"I want hér to be out of YG and pull a Miley stunt like the wrecking ball MV. Or Lady Gaga on the super bowl show. Or a Celine Dion power vocals in All By Myself or Beyoncé's Listen. Bc let's face it, she's the only one who can." "Aug 27, 2021"
"Beyoncé turns 40 in 8 DAYS!" "Aug 27, 2021"
".
@Beyonce
 Wears Priceless Tiffany Yellow Diamond in Intimate Jewelry Campaign with Husband JAY-Z #PEOPLEtheTVShow" "Aug 27, 2021"
"Y'all wish! Beyoncé never respondd to shitty tabloids and gossip blogs. Meanwhile...Beyoncé remains unbothered " "Aug 27, 2021"
"@DebraMessing
 @DeborahMeaden
 @TheEllenShow 
@dylanobrien
 @oliviamunn
 @ladygaga
 @JoeBiden
 @KamalaHarris
 @WhiteHouse
 @MarkRuffalo
 @LeoDiCaprio
 @taylorswift13
 @MileyCyrus
 @KimKardashian
 @StevenRayMorris
 @Beyonce
 tagging those with influence in the hopes you can help" "Aug 27, 2021"
" I’ll never be a picture-perfect Beyoncé… " "Aug 27, 2021"
"He's not wrong. Everything after seeing Beyoncé is downhill. https://twitter.com/BriMalandros/status/1431297278208249860…" "Aug 27, 2021"
"How is Beyoncé a genius but Kanye isn’t?" "Aug 27, 2021"
"Spotify: Female artists with most playlist reach

Nicki 853M
Dua 789M
Sia 768M
Cardi B 760M
Rihanna 748M
Ariana 706M
Selena 701M
Beyoncé 697M
Halsey 662M
Camila 651M
Taylor 617M
Demi 605M
Katy 598M
Miley 587M
Bebe 577M
Gaga 576M
Ellie 575M
SZA 571M
Billie 567M
Rita 561M
Doja 552M" "Aug 27, 2021"
"why people saying they like that beyonce stopped that mama africa sht i enjoyed it!" "Aug 27, 2021"
"That time 
@beyonce
 jammed out with  
@StokleyOfficial
 and 
@robertglasper
  https://youtu.be/dur71QRV36M via 
@YouTube" "Aug 27, 2021"
"I miss when beyoncé used to really talk to people  now all she do is tell newcomers she rooting for them https://twitter.com/BriMalandros/status/1431297278208249860…" "Aug 27, 2021"
" Even if ED hires Beyonce , Zimbabweans will still vote for Chamisa in 2023 elections. ED is wasting money & resources hiring bomboclaats Zanu-brities to campaign for him." "Aug 27, 2021"
"Remy’s children were bullied because of no frauds. Beyoncé snatched Kim’s flawless remix and Nicki ATE belcapiss on Motorsport. The list is ENDLESS  https://twitter.com/Drizzardiology/status/1431358658269663235…" "Aug 27, 2021"
"ima say it….. 

Beyoncé" "Aug 27, 2021"
"anyways i’m listening to Beyoncé’s self titled album Beyoncé" "Aug 27, 2021"
"lemonade is beyonce's best body of work i don't wanna hear it" "Aug 27, 2021"
"Beyoncé out now!

http://hyperurl.co/aklessobeyonce" "Aug 27, 2021"
"No Michael? No Billie Jean?

List means nothing. 
Not attacking Beyoncé, but that’s a shit list." "Aug 27, 2021"
"Portugal is the best country ever. The food is unbeatable, and every place is playing Solange and Kaytranada. Finally, I’ve found my fellow people who think Solange >> Beyoncé" "Aug 27, 2021"
"I dont think i’m a good person tbh cuz if i was Lebron i would’ve had a threesome with Rihanna and Beyonce and ruined my marriage" "Aug 27, 2021"
"“You colorist” …
No White women and Latinas come up to me black females be thinkin they Beyoncé and saweetie " "Aug 27, 2021"
"That ""About Love"" raised over $10.5M in 3 days, with $2.5M going directly to HBCUS. This is something missing from your obsession with lecturing Beyoncé.  Y'all not mad at Jay Z, nor are you mad at Tiffany's....y'all mad that Beyoncé is drenched in diamonds. Y'all so damn BLACK." "Aug 27, 2021"
"Damn who coming Beyoncé ?" "Aug 27, 2021"
"Beyoncé is meticulous with everything she does. There’s no way she didn't know a 150-year-old diamond was not sourced ethically." "Aug 27, 2021"
"Dangerously in Love: Me, Myself and I
B'Day: Green light
I a.....Sasha Fierce: That's why you're beautiful
4: Miss you
Beyonce: Haunted
Lemonade: Pray you catch me" "Aug 27, 2021"
"Do they really think BTS is going to go away? They were named Bulletproof for a reason. We’ve got Coldplay x BTS coming up, a new album, a MTS ft RM, then multiple mix tapes. And wait til we get a JK Ariana collab or a BTS ft Beyoncé. It’s not stopping any time soon" "Aug 27, 2021"
"If anyone makes a movie about Beyoncé and Jay-Z on the night of *that* Met Gala…it should be him. https://twitter.com/ZANEAHH/status/1430949741714620418…" "Aug 27, 2021"
"Knoxville y Beyoncé tratando de opacar a Figuretti https://twitter.com/BriMalandros/status/1431297278208249860…" "Aug 27, 2021"
"When ever you see a think piece on Beyoncé, check and see if they have written articles on DaBaby and Kanye West,  even Boosie... or how about 50Cents, Dr Dre?? Wait Ice Cube??.." "Aug 27, 2021"
"Oh, Beyoncé didn't say that. The Sun is a tabloid. I got to Google Audrey Hepburn to see if anybody discuss the details of the necklace in any articles about her. It seems like the details only became important when Beyoncé wore it." "Aug 27, 2021"
"Beyoncé has a writing credit on every studio album released by her and destiny's child. People also think songwriting is rocket science. But what are these Aaliyah songs?" "Aug 27, 2021"
"H.E.R. will make her acting debut in the movie musical version of #TheColorPurple. She will play the character Squeak, portrayed by Rae Dawn Chong in the 1985 Spielberg movie. Blitz Bazawule, the filmmaker behind Beyoncé's #BlackIsKing, will direct http://thr.cm/jUHpWZp" "Aug 27, 2021"
"everyone know beyonce was with mark hoppus that night" "Aug 27, 2021"
"Whenever I feel like having negative thoughts, what the queen Beyoncé has said in this always plays in my head like a mantra." "Aug 27, 2021"
"Going to a Rihanna/Beyoncé dance party in Bushwick in two weeks and I’ve never felt more ready for anything in my life!!!" "Aug 27, 2021"
"It’s been a journey!  one day I wanted to hear more Afrobeats after listening to Beyoncé’s Afrobeats album and found a Spotify playlist and he has songs on there. One day I decided to listen to MIL and the rest is history " "Aug 27, 2021"
"Normani names ‘B’Day’ by Beyoncé as one of the four albums that “changed her life” in new 
@1027KIISFM
 interview. " "Aug 27, 2021"
"The “About Love” campaign fiasco with Beyoncé lies largely w/ 
@TiffanyAndCo
. 

It’s the familiar new trend of white companies using black women “firsts” to rebrand themselves as socially conscious —

—- while avoiding  meaningfully dealing with their troubling history/ practices." "Aug 27, 2021"
"Single Ladies isn't even a top 10 Beyonce song. https://t.co/hj6EpSnAdd" "Aug 27, 2021"
"imagine reporting on what Beyoncé thinks without getting it straight from her or her publicist." "Aug 27, 2021"
"EXACTLY. Beyoncé has paid her dues to this music industry early on in her music career! She’s not being arrogant or egotistical by not doing certain things now. " "Aug 27, 2021"
"You knew when you saw Usher, Bey, MJB, Justin, Jay Z, that you were going to get a dope live band too. Some bands even became institutionalized: Usher’s Funk Rock Orchestra, JT’s TN Kids, Beyoncé’s The Suga Mamas, Bruno’s Hooligans. You saw MJB, you know Rex Hardy was behind her." "Aug 27, 2021"
"At the church next door right now is a wedding accompanied completely by Beyoncé tracks set to pipe organ, and I have never wanted to go to a service so badly before ever in my life. 

(Except for that whole part where I’ll be smited by lightning. You know.)" "Aug 27, 2021"
"When ever in doubt call Black women dumb.....

Y'all don't ever know shit about Beyonce but you know thjs.... y'all gotta stop this shit lol. Y'all looking mental as fuck on this apps." "Aug 27, 2021"
"That’s a weird way to spell Beyoncé" "Aug 27, 2021"
"I find it astonishing that no one on the 
@TiffanyAndCo
 team or Team Beyoncé said —- “hey maybe wearing our huge diamond from the notorious colonial Kimberly mine in South Africa isn’t a good look for a campaign about black love and excellence.” 

The people have Google now!" "Aug 27, 2021"
"Beyonce is angry to learn she wore a ""blood diamond"" in that Tiffany & Co photo shoot!" "Aug 27, 2021"
"Beyoncé Reportedly ‘Disappointed and Angry’ After Critics Bash Her for Wearing a Tiffany’s ‘Blood Diamond’ https://trib.al/cD5yM9V" "Aug 27, 2021"
"I love everyone who has made this show with my full heart. 

For Henny, Anarcha, Betsy, Lucy, Doreen, Fanny-Lou, Toni, Beyonce and all the NHS nurses and workers lost to covid - we love you too - thank you." "Aug 27, 2021"
"Beyonce 'disappointed and angry' after unknowingly wearing $30M Tiffany 'blood diamond'" "Aug 27, 2021"
"Take inspiration from the likes of Beyoncé and Selena Gomez." "Aug 27, 2021"
"Beyoncé Shared a Rare Look at Her and Rumi Carter's Private Helicopter Style" "Aug 27, 2021"
